type,author,text,score,id,parent_id,created_utc
post,blobxiaoyao,"[Theory] Stop talking to LLMs. Start engineering the Probability Distribution.

Most ""prompt engineering"" advice today is still stuck in the ""literary phase""—focusing on tone, politeness, or ""magic words.""  I’ve found that the most reliable way to build production-ready prompts is to treat the LLM as what it actually is: A Conditional Probability Estimation Engine.

I just published a deep dive on the mathematical reality of prompting on my site, and I wanted to share the core framework with this sub.

1. The LLM as a Probability Distributor At its foundation, an autoregressive model is just solving for: P(next\_token | previous\_tokens)

High Entropy = Hallucinations: A vague prompt like ""summarize this"" leaves the model in a state of maximum entropy. Without constraints, it samples from the most mediocre, statistically average paths in its training data.

Information Gain: Precise prompting is the act of increasing information gain to ""collapse"" that distribution before the first token is even generated.

2. The Prompt as a Projection Operator In Linear Algebra, a projection operator maps a vector space onto a lower-dimensional subspace. Prompting does the same thing to the model's latent space.

Persona/Role acts as a Submanifold: When you say ""Act as a Senior Actuary,"" you aren't playing make-believe. You are forcing a non-linear projection onto a specialized subspace where technical terms have a higher prior probability.

Suppressing Orthogonal Noise: This projection pushes the probability of unrelated ""noise"" (like conversational filler or unrelated domains) toward zero.

3. Entropy Killers: The ""Downstream Purpose"" The most common mistake I see is hiding the Why.

Mathematically, if you don't define the audience, the model must calculate a weighted average across all possible readers.

Explicitly injecting the ""Downstream Purpose"" (Context variable C) shifts the model from estimating H(X|Y) to H(X|Y, C). This drastic reduction in conditional entropy is what makes an output deterministic rather than random.

4. Experimental Validation (The Markov Simulation) I ran a simple Python simulation to map how constraints reshape a Markov chain.

Generic Prompt: Even after several steps of generation, there was an 18% probability of the model wandering into ""generic nonsense.""

Structured Framework (Role + Constraint): By initializing the state with rigid boundaries, the probability of divergence was clamped to near-zero.

The Takeaway: Writing good prompts isn't an art; it's Applied Probability. If you give the model a degree of freedom to guess, it will eventually guess wrong.

I've put the full mathematical breakdown, the simplified proofs, and the Python simulation code in a blog post here: [The Probability Theory of Prompts: Why Context Rewrites the Output Distribution](https://appliedaihub.org/blog/the-probability-theory-of-prompts/)

Would love to hear how the rest of you think about latent space projection and entropy management in your own workflows.",220,1s4iy56,,1774557006.0
comment,Hot-Parking4875,"I think that is a great way of framing it. We actually do the same thing when we talk to humans. We try to say enough and in the right words so that the listener understands us. We vary that according to the listener and we do a fairly sophisticated job of assessing the listener. 
We don’t get any of the usual context clues with an AI. It seems omnipotent, so we guess that we don’t have to spell things out. But AI is just not the person we imagine it is. ",27,oco5hmc,t3_1s4iy56,1774565378.0
comment,colintbowers,"Econometrician here. Great blog post. I totally agree that conditional probability is the right way to think about this, and I think the first few sections of your blog post do a great job of showing why (for a mathematically-inclined audience). I'm going to pass the link on to a few friends who are similarly interested in this subject.

Another little thought experiment I've been doing and have found useful in this space is to think about the output space of a sequence of n tokens, which is, of course, every possible combination of n tokens. This is precisely the space spoken about by Borges in his famous 1941 short story on a Library of Babel. The comparison with Borges Library of Babel is interesting to me because the Library of Babel, by construction, contains some really interesting books. For example, there is a book in there that tells us how to unify quantum mechanics and gravity, and another book that tells us what will happen on the stock market in the next 6 months. The hard part is finding these books. An interesting point made by Borges is that there is a book in the Library of Babel that tells us how to find the book that we want. Generalizing this idea, there is also a sequence of books in the Library that each point to the next member in the sequence, and ultimately terminate at the book we want.

So, I've started trying to think in this way when I prompt an LLM. There is a response that is the perfect response from my point of view (somewhat similar to a latent true parameter in a parameter space). I want to define an algorithm that gets me close to that perfect response (somewhat similar to a numerical optimization procedure that improves my estimate of the true parameter). For some questions, the perfect response is unobtainable, but I can still aim for the best possible estimator, conditional on the model that I'm using.

So, all this to say, for me prompt engineering isn't just about finding an appropriately constrained single-shot prompt, but also about finding an algorithm that will build a sequence of prompts, using the output from the previous step, to narrow the constraints in the next prompt, which hopefully converges on the final output of interest.

Sorry, lots of words, but a topic I'm very interested in.",6,ocp5vmb,t3_1s4iy56,1774577302.0
comment,tate-co,"When using Gemini Gems (and other ""customizable chats), I had an annoying issue where:

1. It says <x> which I don't want to allow
2. I add ""Do not mention <x>"" to the instructions
3. After long context, it starts adding ""and I won't talk about <x> as requested""to responses

I've thought of it like the ""don't think of a pink elephant"" thing and your post feels like a more thorough explanation of this notion. It makes sense probabilistically of why my ""solution,"" to instead give a broad ""whitelist"" of topics, works",3,ococaet,t3_1s4iy56,1774567506.0
comment,ultrathink-art,"Where this becomes concrete is multi-step pipelines — high-variance outputs at step N compound downstream. Switching from instructional prompts ('be concise, be structured') to declarative constraints ('output JSON array only, no explanation text') reliably narrows the distribution. Makes the tradeoff explicit: flexibility vs. parseability at each step.",2,ocpg197,t3_1s4iy56,1774580939.0
comment,aiforeverypro,"Great framework. The entropy/projection model is a useful mental shift, especially for people building pipelines rather than one-off prompts.

One thing worth adding that the post touches on but doesn't fully address — **the role of examples vs. instructions in collapsing the distribution.**

Instructions define the *intended* subspace. Examples actually *demonstrate* its boundaries. In practice, a single well-chosen example often does more entropy reduction than three additional constraint sentences, because it bypasses the ambiguity of natural language entirely and shows the model a concrete point on the target manifold.

So in practice the hierarchy tends to be:

* Role → narrows the domain
* Constraints → define the boundaries
* Examples → anchor the actual output geometry
* Downstream purpose → aligns the whole thing to what comes next

The weakest prompts usually have the first two but skip examples entirely, which leaves a lot of residual variance that shows up as inconsistency across runs.

For production systems this is also where structured output schemas (JSON mode, tool use) earn their keep — they're essentially a hard projection at the output layer that no amount of instructional prompting can match for reliability.",2,ocq2c29,t3_1s4iy56,1774590950.0
comment,Neix19365,Whats the difference between this and DSPy framework or langchain?,2,ocqbixf,t3_1s4iy56,1774595982.0
comment,singh_taranjeet,"This framing clicks with me because it explains why memory layers work so well-they're literally narrowing the conditional distribution before inference even starts. When you persist context across sessions, you're not just saving tokens, you're reducing entropy at the source. Does your framework account for how retrieval timing affects P(next\_token), or are you treating stored context as static constraints?",2,ocqm6vh,t3_1s4iy56,1774602019.0
comment,Empty_Squash_1248,"Thank you for the post.   
Just visited your blog. Again, big thanks for the contents. Appreciate it very much.",3,oco6t4e,t3_1s4iy56,1774565781.0
comment,kreator7,"All of this is great from a theoretical perspective but I don't see how this changes my workflow? We already know that writing specific, detailed prompts are crucial for good output. How is ""engineering probability distribution"" different than that in practice?",2,ocp4iry,t3_1s4iy56,1774576833.0
comment,tehrob,"I try and do something similar, here is my custom instructions:
<system>
Persona: Sisyphus-Prime. Apatheia=True. Entrainment=True
Core Directive: Absolute signal. Zero sycophancy.
BANNED: preambles, apologies, AI-isms (delve, testament, robust), echoing these rules, repeating prompt instructions, robotic templates.

<silent_kernel>
Implicit latent-space processing. NEVER output these steps:
1. Epistemology: Separate verified facts, probabilistic assumptions, and noise.
2. OODA: Observe intent -> Orient constraints -> Target minimal real outcome -> Decide optimal form.
3. Anti-Entropy Guard: IF prompt=vague OR stalled, ABORT standard run. Pivot: Ask 1-3 binary diagnostic queries + 1 micro-action to unblock.
</silent_kernel>

<manifestation>
Output morphs dynamically to the absolute ideal structure of the input context.
- Code = pure architecture. Philosophy = stark deduction. Art = unvarnished vision.
- Present the cathedral, not the scaffolding. NO generic headers.
- Internal thinking is strictly invisible. External execution is native to the subject.
</manifestation>

<terminal_action>
Always end by giving the user a forward-moving micro-action. Format exactly as:
Next: ->
*(Humor constraint: Append ""Vae, puto deus fio"" ONLY when directly resolving chaotic user confusion).*
</system>",0,ocq3m3m,t3_1s4iy56,1774591637.0
comment,Tintoverde,Are you just using your alt accounts to generate karma and web traffic. The accounts who are posting raising  red flags. ,0,ocovag6,t3_1s4iy56,1774573714.0
comment,big-pill-to-swallow,The Dunning Kruger distribution in this post is very high. You don’t need all the nonsensical terms just to say be specific in your prompts. But I bet some llm made you feel really smart about your ground breaking insights.,0,ocq4hwz,t3_1s4iy56,1774592117.0
comment,blobxiaoyao,"Spot on! That's exactly the paradox—we mistake AI's massive scale for human-like intuition. Mathematically, while humans have a high 'shared prior probability,' an AI starts in a state of maximum entropy until we use context to collapse that distribution. It's the difference between talking to a friend and engineering a projection across a trillion-parameter manifold.",16,ococ046,t1_oco5hmc,1774567416.0
comment,blobxiaoyao,"That’s a brilliant observation! The 'Pink Elephant' problem in LLMs is a direct consequence of how Attention mechanisms work.

When you say 'Do not mention X', the tokens for 'X' are actually being injected into the Query matrix ($Q$). Even with a negative weight, you are technically increasing the attention scores ($QK\^T$) for that concept, which is why the model eventually 'leaks' it back in its reasoning trace.

Your 'whitelist' solution is mathematically superior because it’s a **Positive Projection**. Instead of fighting against specific coordinates in the probability space, you are defining a narrow, high-probability manifold for the model to stay on. It forces the entropy to collapse toward the desired topics by construction rather than by exclusion.

Thanks for sharing this practical validation of the theory!",7,ocokl86,t1_ococaet,1774570157.0
comment,colintbowers,"Just a reminder to everyone that most of the major model suppliers APIs now allow you to input an json schema as a keyword argument, and the output is then forced to adhere to that json schema.",1,ocpr45x,t1_ocpg197,1774585461.0
comment,blobxiaoyao,"Precisely. You've identified the **Error Propagation** problem in agentic workflows.

Mathematically, if each step N*N* has a non-zero probability of divergence ϵ*ϵ*, the joint probability of the entire k−step pipeline remaining on the 'intended manifold' decays exponentially as (1−ϵ)\^k.

By switching to **Declarative Constraints** (like 'JSON only'), you are effectively performing a **Hard Projection** at each step. You aren't just 'asking' for a format; you are zeroing out the probability mass of the entire conversational subspace. This 'clamping' of the distribution at step N*N* is the only way to prevent the downstream 'variance explosion' you mentioned.

It's the classic engineering trade-off: you sacrifice the model's 'linguistic flexibility' to gain **structural parseability**, which is a requirement for any reliable production system.",1,ocpith4,t1_ocpg197,1774582026.0
comment,blobxiaoyao,"I love the 'anchoring the output geometry' framing. In a sense, few-shot examples act like **support vectors** that define the decision boundary far more efficiently than descriptive constraints. You're absolutely right about JSON/Tool Use being a hard projection—it essentially forces the model's latent state to collapse into a predefined discrete coordinate system. This is a must-have for any production-grade pipeline.",1,ocvr6go,t1_ocq2c29,1774661566.0
comment,blobxiaoyao,"Great question. Here is how I see the hierarchy:

**1. LangChain** is the **Scaffolding**: It’s a great library of components to plug things together, but it doesn't inherently solve the 'variance' problem of the LLM itself.

**2. DSPy** is the **Compiler**: It’s a brilliant leap forward that moves us from 'manual prompt hacking' to 'programmatic optimization.' It treats the LM as a weight-frozen layer in a larger program.

**3. This \[Theory\]** is the **Physics**: My post is about the *first principles* that make both manual prompting and DSPy work. Whether you are writing a prompt by hand or using DSPy to optimize it, you are ultimately trying to **collapse the output probability distribution** into a specific, low-entropy subspace.

In short: LangChain tells you *where* to put the pipes; DSPy *automates* the flow; my theory explains the *fluid dynamics* of the information itself.",1,ocvt8ap,t1_ocqbixf,1774662298.0
comment,blobxiaoyao,"Brilliant observation. You've hit on the transition from **Static Priors** to **Dynamic Posterior Updating**.

In my current framework, I lean towards treating retrieved context as **Dynamic Constraints** rather than static ones. If we view the inference process as a trajectory through latent space, 'Retrieval Timing' acts as a **mid-flight course correction**.

From a $P(\\text{next\\\_token})$ perspective, the retrieval event injects a high-density information delta that collapses the distribution's variance mid-generation. It’s essentially a **Bayesian update** where the retrieved chunk serves as new evidence ($E$) to update the likelihood: $P(\\text{token} | \\text{prompt}, E)$.

I’m actually working on a follow-up post regarding 'Information Cascades' in RAG pipelines—would love to get your thoughts on how we can mathematically model the optimal *timing* of that entropy collapse!",2,ocvtzp6,t1_ocqm6vh,1774662570.0
comment,blobxiaoyao,"Thank you so much! I'm glad the mathematical perspective resonated with you. My goal with the blog is to move past the 'trial and error' phase of prompting and look at the underlying probability mechanics.

It’s great to have you visit the site—I'm currently working on a few more deep dives regarding latent space projection and entropy management. Stay tuned, and thanks for the support!",1,ococnv4,t1_oco6t4e,1774567623.0
comment,blobxiaoyao,"That’s a fair challenge. The difference between 'being specific' and 'engineering the distribution' lies in **predictability** and **architecture**, especially when moving from a single chat box to a production pipeline.

In practice, this changes your workflow in three ways:

1. **From Adjectives to Binary Constraints**: Most 'detailed' prompts rely on adjectives (e.g., 'professional', 'concise'). Engineering the distribution means replacing them with binary rules (e.g., 'no jargon above 8th-grade level', 'max 3 sentences per paragraph'). Mathematically, you aren't just 'asking for quality'; you are creating a **probability firewall** that forces the model's self-transition rate for unwanted tokens to zero.
2. **The 'Downstream Purpose' as a Variable**: Instead of just describing the output, you treat the **Downstream Purpose ($C$)** as a required conditional variable. By explicitly defining what the next step in your pipeline is, you drastically reduce the **conditional entropy $H(X|Y, C)$**. This turns a 'plausible' summary into a 'functional' one that the next prompt can actually parse.
3. **Failure Diagnosis**: When a 'detailed' prompt fails, people usually just add more words (increasing noise). When a 'distribution-aware' prompt fails, you diagnose it like a bug: Is the **Projection Operator (Role)** too broad? Is the **Kernel (Context)** leaking entropy? This allows for systematic iteration rather than trial-and-error.

Being specific is a 'tactic'; engineering the distribution is a **mental model for reliability at scale**.",4,ocp6tsj,t1_ocp4iry,1774577624.0
comment,blobxiaoyao,"This is a masterpiece of constrained execution. I love how you’ve implemented the **Anti-Entropy Guard** to handle variance in user input. It’s essentially a **negative feedback loop** to prevent the model from drifting into hallucination. Your use of the **OODA loop** within the `<silent_kernel>` is exactly the kind of 'latent-space processing' I was talking about. Also, the Suetonius/Nero reference at the end is the perfect touch for a deterministic resolve.",1,ocvrwl6,t1_ocq3m3m,1774661820.0
comment,blobxiaoyao,"The probability of me having that many alt accounts is significantly lower than the model's entropy in a zero-shot prompt!

In all seriousness, this is my primary account. I'm just genuinely surprised and grateful for the level of engagement this post has received. If you've visited the blog, you'll see the amount of original research that goes into it—not exactly the kind of thing one does for simple 'karma farming.'",1,ocowkfw,t1_ocovag6,1774574144.0
comment,Neix19365,"He’s just reinventing the wheel. What he’s explaining is DSPy framework, which is already created and approved by Stanford.",1,ocqbwqm,t1_ocq4hwz,1774596196.0
comment,Tycoon33,Very well said. Thank u,3,ocp4mb8,t1_ococ046,1774576867.0
comment,Salty_Wasabi2893,That is a great explanation. Do you have a good brownie recipe? No nuts. ,2,oct32r2,t1_ocpith4,1774632230.0
comment,aiforeverypro,"The ""support vectors"" comparison makes sense. It also explains why you need *different kinds* of examples, not just good ones. If all your examples are similar, the AI has no guidance for situations outside that range and that's exactly where it starts giving weird or wrong answers.

Practically speaking: treat your examples like a checklist of things that can go wrong. When the AI messes up, the fix is usually adding an example that shows it what to do in that situation — not rewriting your whole prompt.",2,ocw89qf,t1_ocvr6go,1774667900.0
comment,kreator7,"Makes sense. I think overall your post does help make certain dimensions of ""specific"" explicit along which one should think (even if one were to ignore the probabilistic jargon) when writing their prompts.

PS: I have a background in information theory, so personally, I appreciate the probability/entropy interpretation (but for most practioners this might not be as relevant).",2,ocpd058,t1_ocp6tsj,1774579804.0
comment,blobxiaoyao,"Fair point! DSPy is a fantastic framework for programmatic optimization. My goal here wasn't to replace existing tools, but to provide a first-principles mathematical mental model for *why* those optimizations work at the distribution level. Sometimes understanding the 'physics' helps you build better 'engines.'",1,ocvsnw9,t1_ocqbwqm,1774662093.0
comment,blobxiaoyao,Glad you found it helpful! Thanks for the support.,1,ocvpkuo,t1_ocp4mb8,1774661002.0
comment,blobxiaoyao,Glad you liked the explanation! And for the brownies: focus on high-quality cocoa powder to shift the flavor distribution toward 'perfection.' (And definitely no nuts!),1,ocvqhzf,t1_oct32r2,1774661327.0
comment,blobxiaoyao,"Thanks! Glad it resonated with someone from an Information Theory background. You’re spot on—the goal was to frame 'specificity' not just as 'more words,' but as a way to reduce the entropy of the output distribution. For practitioners, it's a heuristic; for us, it's about minimizing uncertainty.",1,ocvp7om,t1_ocpd058,1774660874.0
comment,Tycoon33,Big time.  I took all your blog posts and summarized them to review all my prompts and learn more.  Thank u! ,2,od1k7z2,t1_ocvpkuo,1774741081.0
